network,proposal_type,post_id,title,requested_dot,proposer,planned_fte,planned_duration_months,team_size,documented_pm_explicit,sum_milestone_duration_months,n_github_repos,github_repos,url,status
polkadot,treasury_proposals,1903,,,,,,,,,,,,NO_DETAIL
polkadot,treasury_proposals,1899,,,,,,,,,,,,NO_DETAIL
polkadot,treasury_proposals,1898,,,,,,,,,,,,NO_DETAIL
polkadot,treasury_proposals,1897,,,,,,,,,,,,NO_DETAIL
polkadot,treasury_proposals,1896,,,,,,,,,,,,NO_DETAIL
polkadot,treasury_proposals,1891,,,,,,,,,,,,NO_DETAIL
polkadot,treasury_proposals,1902,,,,,,,,,,,,NO_DETAIL
polkadot,treasury_proposals,1901,,,,,,,,,,,,NO_DETAIL
polkadot,treasury_proposals,1900,,,,,,,,,,,,NO_DETAIL
polkadot,treasury_proposals,1895,,,,,,,,,,,,NO_DETAIL
polkadot,treasury_proposals,1894,,,,,,,,,,,,NO_DETAIL
polkadot,treasury_proposals,1893,,,,,,,,,,,,NO_DETAIL
polkadot,treasury_proposals,1892,,,,,,,,,,,,NO_DETAIL
polkadot,treasury_proposals,1890,,,,,,,,,,,,NO_DETAIL
polkadot,treasury_proposals,1889,,,,,,,,,,,,NO_DETAIL
polkadot,treasury_proposals,1888,,,,,,,,,,,,NO_DETAIL
polkadot,treasury_proposals,1887,,,,,,,,,,,,NO_DETAIL
polkadot,treasury_proposals,1886,,,,,,,,,,,,NO_DETAIL
polkadot,treasury_proposals,1885,,,,,,,,,,,,NO_DETAIL
polkadot,treasury_proposals,1884,,,,,,,,,,,,NO_DETAIL
polkadot,treasury_proposals,1883,,,,,,,,,,,,NO_DETAIL
polkadot,treasury_proposals,1882,,,,,,,,,,,,NO_DETAIL
polkadot,treasury_proposals,1881,,,,,,,,,,,,NO_DETAIL
polkadot,treasury_proposals,1880,,,,,,,,,,,,NO_DETAIL
polkadot,treasury_proposals,1879,,,,,,,,,,,,NO_DETAIL
polkadot,treasury_proposals,1878,,,,,,,,,,,,NO_DETAIL
polkadot,treasury_proposals,1877,,,,,,,,,,,,NO_DETAIL
polkadot,treasury_proposals,1876,,,,,,,,,,,,NO_DETAIL
polkadot,treasury_proposals,1875,,,,,,,,,,,,NO_DETAIL
polkadot,treasury_proposals,1874,,,,,,,,,,,,NO_DETAIL
polkadot,treasury_proposals,1873,,,,,,,,,,,,NO_DETAIL
polkadot,treasury_proposals,1872,,,,,,,,,,,,NO_DETAIL
polkadot,treasury_proposals,1871,,,,,,,,,,,,NO_DETAIL
polkadot,treasury_proposals,1870,,,,,,,,,,,,NO_DETAIL
polkadot,treasury_proposals,1869,,,,,,,,,,,,NO_DETAIL
polkadot,treasury_proposals,1868,,,,,,,,,,,,NO_DETAIL
polkadot,treasury_proposals,1867,,,,,,,,,,,,NO_DETAIL
polkadot,treasury_proposals,1866,,,,,,,,,,,,NO_DETAIL
polkadot,treasury_proposals,1865,,,,,,,,,,,,NO_DETAIL
polkadot,treasury_proposals,1864,,,,,,,,,,,,NO_DETAIL
polkadot,treasury_proposals,1863,,,,,,,,,,,,NO_DETAIL
polkadot,treasury_proposals,1862,,,,,,,,,,,,NO_DETAIL
polkadot,treasury_proposals,1861,,,,,,,,,,,,NO_DETAIL
polkadot,treasury_proposals,1860,,,,,,,,,,,,NO_DETAIL
polkadot,treasury_proposals,1859,,,,,,,,,,,,NO_DETAIL
polkadot,treasury_proposals,1858,,,,,,,,,,,,NO_DETAIL
polkadot,treasury_proposals,1857,,,,,,,,,,,,NO_DETAIL
polkadot,treasury_proposals,1856,,,,,,,,,,,,NO_DETAIL
polkadot,treasury_proposals,1855,,,,,,,,,,,,NO_DETAIL
polkadot,treasury_proposals,1854,,,,,,,,,,,,NO_DETAIL
polkadot,treasury_proposals,1853,,,,,,,,,,,,NO_DETAIL
polkadot,treasury_proposals,1852,,,,,,,,,,,,NO_DETAIL
polkadot,treasury_proposals,1851,,,,,,,,,,,,NO_DETAIL
polkadot,treasury_proposals,1850,,,,,,,,,,,,NO_DETAIL
polkadot,treasury_proposals,1849,,,,,,,,,,,,NO_DETAIL
polkadot,treasury_proposals,1848,,,,,,,,,,,,NO_DETAIL
polkadot,treasury_proposals,1847,,,,,,,,,,,,NO_DETAIL
polkadot,treasury_proposals,1846,,,,,,,,,,,,NO_DETAIL
polkadot,treasury_proposals,1845,,,,,,,,,,,,NO_DETAIL
polkadot,treasury_proposals,1844,,,,,,,,,,,,NO_DETAIL
polkadot,treasury_proposals,1843,,,,,,,,,,,,NO_DETAIL
polkadot,treasury_proposals,1842,,,,,,,,,,,,NO_DETAIL
polkadot,treasury_proposals,1841,,,,,,,,,,,,NO_DETAIL
polkadot,treasury_proposals,1840,,,,,,,,,,,,NO_DETAIL
polkadot,treasury_proposals,1839,,,,,,,,,,,,NO_DETAIL
polkadot,treasury_proposals,1838,,,,,,,,,,,,NO_DETAIL
polkadot,treasury_proposals,1837,,,,,,,,,,,,NO_DETAIL
polkadot,treasury_proposals,1836,,,,,,,,,,,,NO_DETAIL
polkadot,treasury_proposals,1835,,,,,,,,,,,,NO_DETAIL
polkadot,treasury_proposals,1834,,,,,,,,,,,,NO_DETAIL
polkadot,treasury_proposals,1833,,,,,,,,,,,,NO_DETAIL
polkadot,treasury_proposals,1832,,,,,,,,,,,,NO_DETAIL
polkadot,treasury_proposals,1831,,,,,,,,,,,,NO_DETAIL
polkadot,treasury_proposals,1830,,,,,,,,,,,,NO_DETAIL
polkadot,treasury_proposals,1829,,,,,,,,,,,,NO_DETAIL
polkadot,treasury_proposals,1828,,,,,,,,,,,,NO_DETAIL
polkadot,treasury_proposals,1827,,,,,,,,,,,,NO_DETAIL
polkadot,treasury_proposals,1826,,,,,,,,,,,,NO_DETAIL
polkadot,treasury_proposals,1825,,,,,,,,,,,,NO_DETAIL
polkadot,treasury_proposals,1824,,,,,,,,,,,,NO_DETAIL
polkadot,treasury_proposals,1823,,,,,,,,,,,,NO_DETAIL
polkadot,treasury_proposals,1822,,,,,,,,,,,,NO_DETAIL
polkadot,treasury_proposals,1821,,,,,,,,,,,,NO_DETAIL
polkadot,treasury_proposals,1820,,,,,,,,,,,,NO_DETAIL
polkadot,treasury_proposals,1819,,,,,,,,,,,,NO_DETAIL
polkadot,treasury_proposals,1818,,,,,,,,,,,,NO_DETAIL
polkadot,treasury_proposals,1817,,,,,,,,,,,,NO_DETAIL
polkadot,treasury_proposals,1816,,,,,,,,,,,,NO_DETAIL
polkadot,treasury_proposals,1815,,,,,,,,,,,,NO_DETAIL
polkadot,treasury_proposals,1814,,,,,,,,,,,,NO_DETAIL
polkadot,treasury_proposals,1813,,,,,,,,,,,,NO_DETAIL
polkadot,treasury_proposals,1812,,,,,,,,,,,,NO_DETAIL
polkadot,treasury_proposals,1811,,,,,,,,,,,,NO_DETAIL
polkadot,treasury_proposals,1810,,,,,,,,,,,,NO_DETAIL
polkadot,treasury_proposals,1809,,,,,,,,,,,,NO_DETAIL
polkadot,treasury_proposals,1808,,,,,,,,,,,,NO_DETAIL
polkadot,treasury_proposals,1807,,,,,,,,,,,,NO_DETAIL
polkadot,treasury_proposals,1806,,,,,,,,,,,,NO_DETAIL
polkadot,treasury_proposals,1805,,,,,,,,,,,,NO_DETAIL
polkadot,treasury_proposals,1804,,,,,,,,,,,,NO_DETAIL
polkadot,treasury_proposals,1803,,,,,,,,,,,,NO_DETAIL
polkadot,treasury_proposals,1802,,,,,,,,,,,,NO_DETAIL
polkadot,treasury_proposals,1801,,,,,,,,,,,,NO_DETAIL
polkadot,treasury_proposals,1800,,,,,,,,,,,,NO_DETAIL
polkadot,treasury_proposals,1799,,,,,,,,,,,,NO_DETAIL
polkadot,treasury_proposals,1798,,,,,,,,,,,,NO_DETAIL
polkadot,treasury_proposals,1797,,,,,,,,,,,,NO_DETAIL
polkadot,treasury_proposals,1796,,,,,,,,,,,,NO_DETAIL
polkadot,treasury_proposals,1795,,,,,,,,,,,,NO_DETAIL
polkadot,treasury_proposals,1794,,,,,,,,,,,,NO_DETAIL
polkadot,treasury_proposals,1793,,,,,,,,,,,,NO_DETAIL
polkadot,treasury_proposals,1792,,,,,,,,,,,,NO_DETAIL
polkadot,treasury_proposals,1791,,,,,,,,,,,,NO_DETAIL
polkadot,treasury_proposals,1790,,,,,,,,,,,,NO_DETAIL
polkadot,treasury_proposals,1789,,,,,,,,,,,,NO_DETAIL
polkadot,treasury_proposals,1788,,,,,,,,,,,,NO_DETAIL
polkadot,treasury_proposals,1787,,,,,,,,,,,,NO_DETAIL
polkadot,treasury_proposals,1786,,,,,,,,,,,,NO_DETAIL
polkadot,treasury_proposals,1785,,,,,,,,,,,,NO_DETAIL
polkadot,treasury_proposals,1784,,,,,,,,,,,,NO_DETAIL
polkadot,treasury_proposals,1783,,,,,,,,,,,,NO_DETAIL
polkadot,treasury_proposals,1782,,,,,,,,,,,,NO_DETAIL
polkadot,treasury_proposals,1781,,,,,,,,,,,,NO_DETAIL
polkadot,treasury_proposals,1780,,,,,,,,,,,,NO_DETAIL
polkadot,treasury_proposals,1779,,,,,,,,,,,,NO_DETAIL
polkadot,treasury_proposals,1778,,,,,,,,,,,,NO_DETAIL
polkadot,treasury_proposals,1777,,,,,,,,,,,,NO_DETAIL
polkadot,treasury_proposals,1776,,,,,,,,,,,,NO_DETAIL
polkadot,treasury_proposals,1775,,,,,,,,,,,,NO_DETAIL
polkadot,treasury_proposals,1774,,,,,,,,,,,,NO_DETAIL
polkadot,treasury_proposals,1773,,,,,,,,,,,,NO_DETAIL
polkadot,treasury_proposals,1772,,,,,,,,,,,,NO_DETAIL
polkadot,treasury_proposals,1771,,,,,,,,,,,,NO_DETAIL
polkadot,treasury_proposals,1770,,,,,,,,,,,,NO_DETAIL
polkadot,treasury_proposals,1769,,,,,,,,,,,,NO_DETAIL
polkadot,treasury_proposals,1768,,,,,,,,,,,,NO_DETAIL
polkadot,treasury_proposals,1767,,,,,,,,,,,,NO_DETAIL
polkadot,treasury_proposals,1766,,,,,,,,,,,,NO_DETAIL
polkadot,treasury_proposals,1765,,,,,,,,,,,,NO_DETAIL
polkadot,treasury_proposals,1764,,,,,,,,,,,,NO_DETAIL
polkadot,treasury_proposals,1763,,,,,,,,,,,,NO_DETAIL
polkadot,treasury_proposals,1762,,,,,,,,,,,,NO_DETAIL
polkadot,treasury_proposals,1761,,,,,,,,,,,,NO_DETAIL
polkadot,treasury_proposals,1760,,,,,,,,,,,,NO_DETAIL
polkadot,treasury_proposals,1759,,,,,,,,,,,,NO_DETAIL
polkadot,treasury_proposals,1758,,,,,,,,,,,,NO_DETAIL
polkadot,treasury_proposals,1757,,,,,,,,,,,,NO_DETAIL
polkadot,treasury_proposals,1756,,,,,,,,,,,,NO_DETAIL
polkadot,treasury_proposals,1755,,,,,,,,,,,,NO_DETAIL
polkadot,treasury_proposals,1754,,,,,,,,,,,,NO_DETAIL
polkadot,treasury_proposals,1753,,,,,,,,,,,,NO_DETAIL
polkadot,treasury_proposals,1752,,,,,,,,,,,,NO_DETAIL
polkadot,treasury_proposals,1751,,,,,,,,,,,,NO_DETAIL
polkadot,treasury_proposals,1750,,,,,,,,,,,,NO_DETAIL
polkadot,treasury_proposals,1749,,,,,,,,,,,,NO_DETAIL
polkadot,treasury_proposals,1748,,,,,,,,,,,,NO_DETAIL
polkadot,treasury_proposals,1747,,,,,,,,,,,,NO_DETAIL
polkadot,treasury_proposals,1746,,,,,,,,,,,,NO_DETAIL
polkadot,treasury_proposals,1745,,,,,,,,,,,,NO_DETAIL
polkadot,treasury_proposals,1744,,,,,,,,,,,,NO_DETAIL
polkadot,treasury_proposals,1743,,,,,,,,,,,,NO_DETAIL
polkadot,treasury_proposals,1742,,,,,,,,,,,,NO_DETAIL
polkadot,treasury_proposals,1741,,,,,,,,,,,,NO_DETAIL
polkadot,treasury_proposals,1740,,,,,,,,,,,,NO_DETAIL
polkadot,treasury_proposals,1739,,,,,,,,,,,,NO_DETAIL
polkadot,treasury_proposals,1738,,,,,,,,,,,,NO_DETAIL
polkadot,treasury_proposals,1737,,,,,,,,,,,,NO_DETAIL
polkadot,treasury_proposals,1736,,,,,,,,,,,,NO_DETAIL
polkadot,treasury_proposals,1735,,,,,,,,,,,,NO_DETAIL
polkadot,treasury_proposals,1734,,,,,,,,,,,,NO_DETAIL
polkadot,treasury_proposals,1733,,,,,,,,,,,,NO_DETAIL
polkadot,treasury_proposals,1732,,,,,,,,,,,,NO_DETAIL
polkadot,treasury_proposals,1731,,,,,,,,,,,,NO_DETAIL
polkadot,treasury_proposals,1730,,,,,,,,,,,,NO_DETAIL
polkadot,treasury_proposals,1729,,,,,,,,,,,,NO_DETAIL
polkadot,treasury_proposals,1728,,,,,,,,,,,,NO_DETAIL
polkadot,treasury_proposals,1727,,,,,,,,,,,,NO_DETAIL
polkadot,treasury_proposals,1726,,,,,,,,,,,,NO_DETAIL
polkadot,treasury_proposals,1725,,,,,,,,,,,,NO_DETAIL
polkadot,treasury_proposals,1724,,,,,,,,,,,,NO_DETAIL
polkadot,treasury_proposals,1723,,,,,,,,,,,,NO_DETAIL
polkadot,treasury_proposals,1722,,,,,,,,,,,,NO_DETAIL
polkadot,treasury_proposals,1721,,,,,,,,,,,,NO_DETAIL
polkadot,treasury_proposals,1720,,,,,,,,,,,,NO_DETAIL
polkadot,treasury_proposals,1719,,,,,,,,,,,,NO_DETAIL
polkadot,treasury_proposals,1718,,,,,,,,,,,,NO_DETAIL
polkadot,treasury_proposals,1717,,,,,,,,,,,,NO_DETAIL
polkadot,treasury_proposals,1716,,,,,,,,,,,,NO_DETAIL
polkadot,treasury_proposals,1715,,,,,,,,,,,,NO_DETAIL
polkadot,treasury_proposals,1714,,,,,,,,,,,,NO_DETAIL
polkadot,treasury_proposals,1713,,,,,,,,,,,,NO_DETAIL
polkadot,treasury_proposals,1712,,,,,,,,,,,,NO_DETAIL
polkadot,treasury_proposals,1711,,,,,,,,,,,,NO_DETAIL
polkadot,treasury_proposals,1710,,,,,,,,,,,,NO_DETAIL
polkadot,treasury_proposals,1709,,,,,,,,,,,,NO_DETAIL
polkadot,treasury_proposals,1708,,,,,,,,,,,,NO_DETAIL
polkadot,treasury_proposals,1707,,,,,,,,,,,,NO_DETAIL
polkadot,treasury_proposals,1706,,,,,,,,,,,,NO_DETAIL
polkadot,treasury_proposals,1705,,,,,,,,,,,,NO_DETAIL
polkadot,treasury_proposals,1704,,,,,,,,,,,,NO_DETAIL
polkadot,treasury_proposals,1703,,,,,,,,,,,,NO_DETAIL
polkadot,treasury_proposals,1702,,,,,,,,,,,,NO_DETAIL
polkadot,treasury_proposals,1701,,,,,,,,,,,,NO_DETAIL
polkadot,treasury_proposals,1700,,,,,,,,,,,,NO_DETAIL
polkadot,treasury_proposals,1699,,,,,,,,,,,,NO_DETAIL
polkadot,treasury_proposals,1698,,,,,,,,,,,,NO_DETAIL
polkadot,treasury_proposals,1697,,,,,,,,,,,,NO_DETAIL
polkadot,treasury_proposals,1696,,,,,,,,,,,,NO_DETAIL
polkadot,treasury_proposals,1695,,,,,,,,,,,,NO_DETAIL
polkadot,treasury_proposals,1694,,,,,,,,,,,,NO_DETAIL
polkadot,treasury_proposals,1693,,,,,,,,,,,,NO_DETAIL
polkadot,treasury_proposals,1692,,,,,,,,,,,,NO_DETAIL
polkadot,treasury_proposals,1691,,,,,,,,,,,,NO_DETAIL
polkadot,treasury_proposals,1690,,,,,,,,,,,,NO_DETAIL
polkadot,treasury_proposals,1689,,,,,,,,,,,,NO_DETAIL
polkadot,treasury_proposals,1688,,,,,,,,,,,,NO_DETAIL
polkadot,treasury_proposals,1687,,,,,,,,,,,,NO_DETAIL
polkadot,treasury_proposals,1686,,,,,,,,,,,,NO_DETAIL
polkadot,treasury_proposals,1685,,,,,,,,,,,,NO_DETAIL
polkadot,treasury_proposals,1684,,,,,,,,,,,,NO_DETAIL
polkadot,treasury_proposals,1683,,,,,,,,,,,,NO_DETAIL
polkadot,treasury_proposals,1682,,,,,,,,,,,,NO_DETAIL
polkadot,treasury_proposals,1681,,,,,,,,,,,,NO_DETAIL
polkadot,treasury_proposals,1680,,,,,,,,,,,,NO_DETAIL
polkadot,treasury_proposals,1679,,,,,,,,,,,,NO_DETAIL
polkadot,treasury_proposals,1678,,,,,,,,,,,,NO_DETAIL
polkadot,treasury_proposals,1677,,,,,,,,,,,,NO_DETAIL
polkadot,treasury_proposals,1676,,,,,,,,,,,,NO_DETAIL
polkadot,treasury_proposals,1675,,,,,,,,,,,,NO_DETAIL
polkadot,treasury_proposals,1674,,,,,,,,,,,,NO_DETAIL
polkadot,treasury_proposals,1673,,,,,,,,,,,,NO_DETAIL
polkadot,treasury_proposals,1672,,,,,,,,,,,,NO_DETAIL
polkadot,treasury_proposals,1671,,,,,,,,,,,,NO_DETAIL
polkadot,treasury_proposals,1670,,,,,,,,,,,,NO_DETAIL
polkadot,treasury_proposals,1669,,,,,,,,,,,,NO_DETAIL
polkadot,treasury_proposals,1668,,,,,,,,,,,,NO_DETAIL
polkadot,treasury_proposals,1667,,,,,,,,,,,,NO_DETAIL
polkadot,treasury_proposals,1666,,,,,,,,,,,,NO_DETAIL
polkadot,treasury_proposals,1665,,,,,,,,,,,,NO_DETAIL
polkadot,treasury_proposals,1664,,,,,,,,,,,,NO_DETAIL
polkadot,treasury_proposals,1663,,,,,,,,,,,,NO_DETAIL
polkadot,treasury_proposals,1662,,,,,,,,,,,,NO_DETAIL
polkadot,treasury_proposals,1661,,,,,,,,,,,,NO_DETAIL
polkadot,treasury_proposals,1660,,,,,,,,,,,,NO_DETAIL
polkadot,treasury_proposals,1659,,,,,,,,,,,,NO_DETAIL
polkadot,treasury_proposals,1658,,,,,,,,,,,,NO_DETAIL
polkadot,treasury_proposals,1657,,,,,,,,,,,,NO_DETAIL
polkadot,treasury_proposals,1656,,,,,,,,,,,,NO_DETAIL
polkadot,treasury_proposals,1655,,,,,,,,,,,,NO_DETAIL
polkadot,treasury_proposals,1654,,,,,,,,,,,,NO_DETAIL
polkadot,treasury_proposals,1653,,,,,,,,,,,,NO_DETAIL
polkadot,treasury_proposals,1652,,,,,,,,,,,,NO_DETAIL
polkadot,treasury_proposals,1651,,,,,,,,,,,,NO_DETAIL
polkadot,treasury_proposals,1650,,,,,,,,,,,,NO_DETAIL
polkadot,treasury_proposals,1649,,,,,,,,,,,,NO_DETAIL
polkadot,treasury_proposals,1648,,,,,,,,,,,,NO_DETAIL
polkadot,treasury_proposals,1647,,,,,,,,,,,,NO_DETAIL
polkadot,treasury_proposals,1646,,,,,,,,,,,,NO_DETAIL
polkadot,treasury_proposals,1645,,,,,,,,,,,,NO_DETAIL
polkadot,treasury_proposals,1644,,,,,,,,,,,,NO_DETAIL
polkadot,treasury_proposals,1643,,,,,,,,,,,,NO_DETAIL
polkadot,treasury_proposals,1642,,,,,,,,,,,,NO_DETAIL
polkadot,treasury_proposals,1641,,,,,,,,,,,,NO_DETAIL
polkadot,treasury_proposals,1640,,,,,,,,,,,,NO_DETAIL
polkadot,treasury_proposals,1639,,,,,,,,,,,,NO_DETAIL
polkadot,treasury_proposals,1638,,,,,,,,,,,,NO_DETAIL
polkadot,treasury_proposals,1637,,,,,,,,,,,,NO_DETAIL
polkadot,treasury_proposals,1636,,,,,,,,,,,,NO_DETAIL
polkadot,treasury_proposals,1635,,,,,,,,,,,,NO_DETAIL
polkadot,treasury_proposals,1634,,,,,,,,,,,,NO_DETAIL
polkadot,treasury_proposals,1633,,,,,,,,,,,,NO_DETAIL
polkadot,treasury_proposals,1632,,,,,,,,,,,,NO_DETAIL
polkadot,treasury_proposals,1631,,,,,,,,,,,,NO_DETAIL
polkadot,treasury_proposals,1630,,,,,,,,,,,,NO_DETAIL
polkadot,treasury_proposals,1629,,,,,,,,,,,,NO_DETAIL
polkadot,treasury_proposals,1628,,,,,,,,,,,,NO_DETAIL
polkadot,treasury_proposals,1627,,,,,,,,,,,,NO_DETAIL
polkadot,treasury_proposals,1626,,,,,,,,,,,,NO_DETAIL
polkadot,treasury_proposals,1625,,,,,,,,,,,,NO_DETAIL
polkadot,treasury_proposals,1624,,,,,,,,,,,,NO_DETAIL
polkadot,treasury_proposals,1623,,,,,,,,,,,,NO_DETAIL
polkadot,treasury_proposals,1622,,,,,,,,,,,,NO_DETAIL
polkadot,treasury_proposals,1621,,,,,,,,,,,,NO_DETAIL
polkadot,treasury_proposals,1620,,,,,,,,,,,,NO_DETAIL
polkadot,treasury_proposals,1619,,,,,,,,,,,,NO_DETAIL
polkadot,treasury_proposals,1618,,,,,,,,,,,,NO_DETAIL
polkadot,treasury_proposals,1617,,,,,,,,,,,,NO_DETAIL
polkadot,treasury_proposals,1616,,,,,,,,,,,,NO_DETAIL
polkadot,treasury_proposals,1615,,,,,,,,,,,,NO_DETAIL
polkadot,treasury_proposals,1614,,,,,,,,,,,,NO_DETAIL
polkadot,treasury_proposals,1613,,,,,,,,,,,,NO_DETAIL
polkadot,treasury_proposals,1612,,,,,,,,,,,,NO_DETAIL
polkadot,treasury_proposals,1611,,,,,,,,,,,,NO_DETAIL
polkadot,treasury_proposals,1610,,,,,,,,,,,,NO_DETAIL
polkadot,treasury_proposals,1609,,,,,,,,,,,,NO_DETAIL
polkadot,treasury_proposals,1608,,,,,,,,,,,,NO_DETAIL
polkadot,treasury_proposals,1607,,,,,,,,,,,,NO_DETAIL
polkadot,treasury_proposals,1606,,,,,,,,,,,,NO_DETAIL
polkadot,treasury_proposals,1605,,,,,,,,,,,,NO_DETAIL
polkadot,treasury_proposals,1604,,,,,,,,,,,,NO_DETAIL
polkadot,treasury_proposals,1603,,,,,,,,,,,,NO_DETAIL
polkadot,treasury_proposals,1602,,,,,,,,,,,,NO_DETAIL
polkadot,treasury_proposals,1601,,,,,,,,,,,,NO_DETAIL
polkadot,treasury_proposals,1600,,,,,,,,,,,,NO_DETAIL
polkadot,treasury_proposals,1599,,,,,,,,,,,,NO_DETAIL
polkadot,treasury_proposals,1598,,,,,,,,,,,,NO_DETAIL
polkadot,treasury_proposals,1597,,,,,,,,,,,,NO_DETAIL
polkadot,treasury_proposals,1596,,,,,,,,,,,,NO_DETAIL
polkadot,treasury_proposals,1595,,,,,,,,,,,,NO_DETAIL
polkadot,treasury_proposals,1594,,,,,,,,,,,,NO_DETAIL
polkadot,treasury_proposals,1593,,,,,,,,,,,,NO_DETAIL
polkadot,treasury_proposals,1592,,,,,,,,,,,,NO_DETAIL
polkadot,treasury_proposals,1591,,,,,,,,,,,,NO_DETAIL
polkadot,treasury_proposals,1590,,,,,,,,,,,,NO_DETAIL
polkadot,treasury_proposals,1589,,,,,,,,,,,,NO_DETAIL
polkadot,treasury_proposals,1588,,,,,,,,,,,,NO_DETAIL
polkadot,treasury_proposals,1587,,,,,,,,,,,,NO_DETAIL
polkadot,treasury_proposals,1586,,,,,,,,,,,,NO_DETAIL
polkadot,treasury_proposals,1585,,,,,,,,,,,,NO_DETAIL
polkadot,treasury_proposals,1584,,,,,,,,,,,,NO_DETAIL
polkadot,treasury_proposals,1583,,,,,,,,,,,,NO_DETAIL
polkadot,treasury_proposals,1582,,,,,,,,,,,,NO_DETAIL
polkadot,treasury_proposals,1581,,,,,,,,,,,,NO_DETAIL
polkadot,treasury_proposals,1580,,,,,,,,,,,,NO_DETAIL
polkadot,treasury_proposals,1579,,,,,,,,,,,,NO_DETAIL
polkadot,treasury_proposals,1578,,,,,,,,,,,,NO_DETAIL
polkadot,treasury_proposals,1577,,,,,,,,,,,,NO_DETAIL
polkadot,treasury_proposals,1576,,,,,,,,,,,,NO_DETAIL
polkadot,treasury_proposals,1575,,,,,,,,,,,,NO_DETAIL
polkadot,treasury_proposals,1574,,,,,,,,,,,,NO_DETAIL
polkadot,treasury_proposals,1573,,,,,,,,,,,,NO_DETAIL
polkadot,treasury_proposals,1572,,,,,,,,,,,,NO_DETAIL
polkadot,treasury_proposals,1571,,,,,,,,,,,,NO_DETAIL
polkadot,treasury_proposals,1570,,,,,,,,,,,,NO_DETAIL
polkadot,treasury_proposals,1569,,,,,,,,,,,,NO_DETAIL
polkadot,treasury_proposals,1568,,,,,,,,,,,,NO_DETAIL
polkadot,treasury_proposals,1567,,,,,,,,,,,,NO_DETAIL
polkadot,treasury_proposals,1566,,,,,,,,,,,,NO_DETAIL
polkadot,treasury_proposals,1565,,,,,,,,,,,,NO_DETAIL
polkadot,treasury_proposals,1564,,,,,,,,,,,,NO_DETAIL
polkadot,treasury_proposals,1563,,,,,,,,,,,,NO_DETAIL
polkadot,treasury_proposals,1562,,,,,,,,,,,,NO_DETAIL
polkadot,treasury_proposals,1561,,,,,,,,,,,,NO_DETAIL
polkadot,treasury_proposals,1560,,,,,,,,,,,,NO_DETAIL
polkadot,treasury_proposals,1559,,,,,,,,,,,,NO_DETAIL
polkadot,treasury_proposals,1558,,,,,,,,,,,,NO_DETAIL
polkadot,treasury_proposals,1557,,,,,,,,,,,,NO_DETAIL
polkadot,treasury_proposals,1556,,,,,,,,,,,,NO_DETAIL
polkadot,treasury_proposals,1555,,,,,,,,,,,,NO_DETAIL
polkadot,treasury_proposals,1554,,,,,,,,,,,,NO_DETAIL
polkadot,treasury_proposals,1553,,,,,,,,,,,,NO_DETAIL
polkadot,treasury_proposals,1552,,,,,,,,,,,,NO_DETAIL
polkadot,treasury_proposals,1551,,,,,,,,,,,,NO_DETAIL
polkadot,treasury_proposals,1550,,,,,,,,,,,,NO_DETAIL
polkadot,treasury_proposals,1549,,,,,,,,,,,,NO_DETAIL
polkadot,treasury_proposals,1548,,,,,,,,,,,,NO_DETAIL
polkadot,treasury_proposals,1547,,,,,,,,,,,,NO_DETAIL
polkadot,treasury_proposals,1546,,,,,,,,,,,,NO_DETAIL
polkadot,treasury_proposals,1545,,,,,,,,,,,,NO_DETAIL
polkadot,treasury_proposals,1544,,,,,,,,,,,,NO_DETAIL
polkadot,treasury_proposals,1543,,,,,,,,,,,,NO_DETAIL
polkadot,treasury_proposals,1542,,,,,,,,,,,,NO_DETAIL
polkadot,treasury_proposals,1541,,,,,,,,,,,,NO_DETAIL
polkadot,treasury_proposals,1540,,,,,,,,,,,,NO_DETAIL
polkadot,treasury_proposals,1539,,,,,,,,,,,,NO_DETAIL
polkadot,treasury_proposals,1538,,,,,,,,,,,,NO_DETAIL
polkadot,treasury_proposals,1537,,,,,,,,,,,,NO_DETAIL
polkadot,treasury_proposals,1536,,,,,,,,,,,,NO_DETAIL
polkadot,treasury_proposals,1535,,,,,,,,,,,,NO_DETAIL
polkadot,treasury_proposals,1534,,,,,,,,,,,,NO_DETAIL
polkadot,treasury_proposals,1533,,,,,,,,,,,,NO_DETAIL
polkadot,treasury_proposals,1532,,,,,,,,,,,,NO_DETAIL
polkadot,treasury_proposals,1531,,,,,,,,,,,,NO_DETAIL
polkadot,treasury_proposals,1530,,,,,,,,,,,,NO_DETAIL
polkadot,treasury_proposals,1529,,,,,,,,,,,,NO_DETAIL
polkadot,treasury_proposals,1528,,,,,,,,,,,,NO_DETAIL
polkadot,treasury_proposals,1527,,,,,,,,,,,,NO_DETAIL
polkadot,treasury_proposals,1526,,,,,,,,,,,,NO_DETAIL
polkadot,treasury_proposals,1525,,,,,,,,,,,,NO_DETAIL
polkadot,treasury_proposals,1524,,,,,,,,,,,,NO_DETAIL
polkadot,treasury_proposals,1523,,,,,,,,,,,,NO_DETAIL
polkadot,treasury_proposals,1522,,,,,,,,,,,,NO_DETAIL
polkadot,treasury_proposals,1521,,,,,,,,,,,,NO_DETAIL
polkadot,treasury_proposals,1520,,,,,,,,,,,,NO_DETAIL
polkadot,treasury_proposals,1519,,,,,,,,,,,,NO_DETAIL
polkadot,treasury_proposals,1518,,,,,,,,,,,,NO_DETAIL
polkadot,treasury_proposals,1517,,,,,,,,,,,,NO_DETAIL
polkadot,treasury_proposals,1516,,,,,,,,,,,,NO_DETAIL
polkadot,treasury_proposals,1515,,,,,,,,,,,,NO_DETAIL
polkadot,treasury_proposals,1514,,,,,,,,,,,,NO_DETAIL
polkadot,treasury_proposals,1513,,,,,,,,,,,,NO_DETAIL
polkadot,treasury_proposals,1512,,,,,,,,,,,,NO_DETAIL
polkadot,treasury_proposals,1511,,,,,,,,,,,,NO_DETAIL
polkadot,treasury_proposals,1510,,,,,,,,,,,,NO_DETAIL
polkadot,treasury_proposals,1509,,,,,,,,,,,,NO_DETAIL
polkadot,treasury_proposals,1508,,,,,,,,,,,,NO_DETAIL
polkadot,treasury_proposals,1507,,,,,,,,,,,,NO_DETAIL
polkadot,treasury_proposals,1506,,,,,,,,,,,,NO_DETAIL
polkadot,treasury_proposals,1505,,,,,,,,,,,,NO_DETAIL
polkadot,treasury_proposals,1504,,,,,,,,,,,,NO_DETAIL
polkadot,treasury_proposals,1503,,,,,,,,,,,,NO_DETAIL
polkadot,treasury_proposals,1502,,,,,,,,,,,,NO_DETAIL
polkadot,treasury_proposals,1501,,,,,,,,,,,,NO_DETAIL
polkadot,treasury_proposals,1500,,,,,,,,,,,,NO_DETAIL
polkadot,treasury_proposals,1499,,,,,,,,,,,,NO_DETAIL
polkadot,treasury_proposals,1498,,,,,,,,,,,,NO_DETAIL
polkadot,treasury_proposals,1497,,,,,,,,,,,,NO_DETAIL
polkadot,treasury_proposals,1496,,,,,,,,,,,,NO_DETAIL
polkadot,treasury_proposals,1495,,,,,,,,,,,,NO_DETAIL
polkadot,treasury_proposals,1494,,,,,,,,,,,,NO_DETAIL
polkadot,treasury_proposals,1493,,,,,,,,,,,,NO_DETAIL
polkadot,treasury_proposals,1492,,,,,,,,,,,,NO_DETAIL
polkadot,treasury_proposals,1491,,,,,,,,,,,,NO_DETAIL
polkadot,treasury_proposals,1490,,,,,,,,,,,,NO_DETAIL
polkadot,treasury_proposals,1489,,,,,,,,,,,,NO_DETAIL
polkadot,treasury_proposals,1488,,,,,,,,,,,,NO_DETAIL
polkadot,treasury_proposals,1487,,,,,,,,,,,,NO_DETAIL
polkadot,treasury_proposals,1486,,,,,,,,,,,,NO_DETAIL
polkadot,treasury_proposals,1485,,,,,,,,,,,,NO_DETAIL
polkadot,treasury_proposals,1484,,,,,,,,,,,,NO_DETAIL
polkadot,treasury_proposals,1483,,,,,,,,,,,,NO_DETAIL
polkadot,treasury_proposals,1482,,,,,,,,,,,,NO_DETAIL
polkadot,treasury_proposals,1481,,,,,,,,,,,,NO_DETAIL
polkadot,treasury_proposals,1480,,,,,,,,,,,,NO_DETAIL
polkadot,treasury_proposals,1479,,,,,,,,,,,,NO_DETAIL
polkadot,treasury_proposals,1478,,,,,,,,,,,,NO_DETAIL
polkadot,treasury_proposals,1477,,,,,,,,,,,,NO_DETAIL
polkadot,treasury_proposals,1476,,,,,,,,,,,,NO_DETAIL
polkadot,treasury_proposals,1475,,,,,,,,,,,,NO_DETAIL
polkadot,treasury_proposals,1474,,,,,,,,,,,,NO_DETAIL
polkadot,treasury_proposals,1473,,,,,,,,,,,,NO_DETAIL
polkadot,treasury_proposals,1472,,,,,,,,,,,,NO_DETAIL
polkadot,treasury_proposals,1471,,,,,,,,,,,,NO_DETAIL
polkadot,treasury_proposals,1470,,,,,,,,,,,,NO_DETAIL
polkadot,treasury_proposals,1469,,,,,,,,,,,,NO_DETAIL
polkadot,treasury_proposals,1468,,,,,,,,,,,,NO_DETAIL
polkadot,treasury_proposals,1467,,,,,,,,,,,,NO_DETAIL
polkadot,treasury_proposals,1466,,,,,,,,,,,,NO_DETAIL
polkadot,treasury_proposals,1465,,,,,,,,,,,,NO_DETAIL
polkadot,treasury_proposals,1464,,,,,,,,,,,,NO_DETAIL
polkadot,treasury_proposals,1463,,,,,,,,,,,,NO_DETAIL
polkadot,treasury_proposals,1462,,,,,,,,,,,,NO_DETAIL
polkadot,treasury_proposals,1461,,,,,,,,,,,,NO_DETAIL
polkadot,treasury_proposals,1460,,,,,,,,,,,,NO_DETAIL
polkadot,treasury_proposals,1459,,,,,,,,,,,,NO_DETAIL
polkadot,treasury_proposals,1458,,,,,,,,,,,,NO_DETAIL
polkadot,treasury_proposals,1457,,,,,,,,,,,,NO_DETAIL
polkadot,treasury_proposals,1456,,,,,,,,,,,,NO_DETAIL
polkadot,treasury_proposals,1455,,,,,,,,,,,,NO_DETAIL
polkadot,treasury_proposals,1454,,,,,,,,,,,,NO_DETAIL
polkadot,treasury_proposals,1453,,,,,,,,,,,,NO_DETAIL
polkadot,treasury_proposals,1452,,,,,,,,,,,,NO_DETAIL
polkadot,treasury_proposals,1451,,,,,,,,,,,,NO_DETAIL
polkadot,treasury_proposals,1450,,,,,,,,,,,,NO_DETAIL
polkadot,treasury_proposals,1449,,,,,,,,,,,,NO_DETAIL
polkadot,treasury_proposals,1448,,,,,,,,,,,,NO_DETAIL
polkadot,treasury_proposals,1447,,,,,,,,,,,,NO_DETAIL
polkadot,treasury_proposals,1446,,,,,,,,,,,,NO_DETAIL
polkadot,treasury_proposals,1445,,,,,,,,,,,,NO_DETAIL
polkadot,treasury_proposals,1444,,,,,,,,,,,,NO_DETAIL
polkadot,treasury_proposals,1443,,,,,,,,,,,,NO_DETAIL
polkadot,treasury_proposals,1442,,,,,,,,,,,,NO_DETAIL
polkadot,treasury_proposals,1441,,,,,,,,,,,,NO_DETAIL
polkadot,treasury_proposals,1440,,,,,,,,,,,,NO_DETAIL
polkadot,treasury_proposals,1439,,,,,,,,,,,,NO_DETAIL
polkadot,treasury_proposals,1438,,,,,,,,,,,,NO_DETAIL
polkadot,treasury_proposals,1437,,,,,,,,,,,,NO_DETAIL
polkadot,treasury_proposals,1436,,,,,,,,,,,,NO_DETAIL
polkadot,treasury_proposals,1435,,,,,,,,,,,,NO_DETAIL
polkadot,treasury_proposals,1434,,,,,,,,,,,,NO_DETAIL
polkadot,treasury_proposals,1433,,,,,,,,,,,,NO_DETAIL
polkadot,treasury_proposals,1432,,,,,,,,,,,,NO_DETAIL
polkadot,treasury_proposals,1431,,,,,,,,,,,,NO_DETAIL
polkadot,treasury_proposals,1430,,,,,,,,,,,,NO_DETAIL
polkadot,treasury_proposals,1429,,,,,,,,,,,,NO_DETAIL
polkadot,treasury_proposals,1428,,,,,,,,,,,,NO_DETAIL
polkadot,treasury_proposals,1427,,,,,,,,,,,,NO_DETAIL
polkadot,treasury_proposals,1426,,,,,,,,,,,,NO_DETAIL
polkadot,treasury_proposals,1425,,,,,,,,,,,,NO_DETAIL
polkadot,treasury_proposals,1424,,,,,,,,,,,,NO_DETAIL
polkadot,treasury_proposals,1423,,,,,,,,,,,,NO_DETAIL
polkadot,treasury_proposals,1422,,,,,,,,,,,,NO_DETAIL
polkadot,treasury_proposals,1421,,,,,,,,,,,,NO_DETAIL
polkadot,treasury_proposals,1420,,,,,,,,,,,,NO_DETAIL
polkadot,treasury_proposals,1419,,,,,,,,,,,,NO_DETAIL
polkadot,treasury_proposals,1418,,,,,,,,,,,,NO_DETAIL
polkadot,treasury_proposals,1417,,,,,,,,,,,,NO_DETAIL
polkadot,treasury_proposals,1416,,,,,,,,,,,,NO_DETAIL
polkadot,treasury_proposals,1415,,,,,,,,,,,,NO_DETAIL
polkadot,treasury_proposals,1414,,,,,,,,,,,,NO_DETAIL
polkadot,treasury_proposals,1413,,,,,,,,,,,,NO_DETAIL
polkadot,treasury_proposals,1412,,,,,,,,,,,,NO_DETAIL
polkadot,treasury_proposals,1411,,,,,,,,,,,,NO_DETAIL
polkadot,treasury_proposals,1410,,,,,,,,,,,,NO_DETAIL
polkadot,treasury_proposals,1409,,,,,,,,,,,,NO_DETAIL
polkadot,treasury_proposals,1408,,,,,,,,,,,,NO_DETAIL
polkadot,treasury_proposals,1407,,,,,,,,,,,,NO_DETAIL
polkadot,treasury_proposals,1406,,,,,,,,,,,,NO_DETAIL
polkadot,treasury_proposals,1405,,,,,,,,,,,,NO_DETAIL
polkadot,treasury_proposals,1404,,,,,,,,,,,,NO_DETAIL
polkadot,treasury_proposals,1403,,,,,,,,,,,,NO_DETAIL
polkadot,treasury_proposals,1402,,,,,,,,,,,,NO_DETAIL
polkadot,treasury_proposals,1401,,,,,,,,,,,,NO_DETAIL
polkadot,treasury_proposals,1400,,,,,,,,,,,,NO_DETAIL
polkadot,treasury_proposals,1399,,,,,,,,,,,,NO_DETAIL
polkadot,treasury_proposals,1398,,,,,,,,,,,,NO_DETAIL
polkadot,treasury_proposals,1397,,,,,,,,,,,,NO_DETAIL
polkadot,treasury_proposals,1396,,,,,,,,,,,,NO_DETAIL
polkadot,treasury_proposals,1395,,,,,,,,,,,,NO_DETAIL
polkadot,treasury_proposals,1394,,,,,,,,,,,,NO_DETAIL
polkadot,treasury_proposals,1393,,,,,,,,,,,,NO_DETAIL
polkadot,treasury_proposals,1392,,,,,,,,,,,,NO_DETAIL
polkadot,treasury_proposals,1391,,,,,,,,,,,,NO_DETAIL
polkadot,treasury_proposals,1390,,,,,,,,,,,,NO_DETAIL
polkadot,treasury_proposals,1389,,,,,,,,,,,,NO_DETAIL
polkadot,treasury_proposals,1388,,,,,,,,,,,,NO_DETAIL
polkadot,treasury_proposals,1387,,,,,,,,,,,,NO_DETAIL
polkadot,treasury_proposals,1386,,,,,,,,,,,,NO_DETAIL
polkadot,treasury_proposals,1385,,,,,,,,,,,,NO_DETAIL
polkadot,treasury_proposals,1384,,,,,,,,,,,,NO_DETAIL
polkadot,treasury_proposals,1383,,,,,,,,,,,,NO_DETAIL
polkadot,treasury_proposals,1382,,,,,,,,,,,,NO_DETAIL
polkadot,treasury_proposals,1381,,,,,,,,,,,,NO_DETAIL
polkadot,treasury_proposals,1380,,,,,,,,,,,,NO_DETAIL
polkadot,treasury_proposals,1379,,,,,,,,,,,,NO_DETAIL
polkadot,treasury_proposals,1378,,,,,,,,,,,,NO_DETAIL
polkadot,treasury_proposals,1377,,,,,,,,,,,,NO_DETAIL
polkadot,treasury_proposals,1376,,,,,,,,,,,,NO_DETAIL
polkadot,treasury_proposals,1375,,,,,,,,,,,,NO_DETAIL
polkadot,treasury_proposals,1374,,,,,,,,,,,,NO_DETAIL
polkadot,treasury_proposals,1373,,,,,,,,,,,,NO_DETAIL
polkadot,treasury_proposals,1372,,,,,,,,,,,,NO_DETAIL
polkadot,treasury_proposals,1371,,,,,,,,,,,,NO_DETAIL
polkadot,treasury_proposals,1370,,,,,,,,,,,,NO_DETAIL
polkadot,treasury_proposals,1369,,,,,,,,,,,,NO_DETAIL
polkadot,treasury_proposals,1368,,,,,,,,,,,,NO_DETAIL
polkadot,treasury_proposals,1367,,,,,,,,,,,,NO_DETAIL
polkadot,treasury_proposals,1366,,,,,,,,,,,,NO_DETAIL
polkadot,treasury_proposals,1365,,,,,,,,,,,,NO_DETAIL
polkadot,treasury_proposals,1364,,,,,,,,,,,,NO_DETAIL
polkadot,treasury_proposals,1363,,,,,,,,,,,,NO_DETAIL
polkadot,treasury_proposals,1362,,,,,,,,,,,,NO_DETAIL
polkadot,treasury_proposals,1361,,,,,,,,,,,,NO_DETAIL
polkadot,treasury_proposals,1360,,,,,,,,,,,,NO_DETAIL
polkadot,treasury_proposals,1359,,,,,,,,,,,,NO_DETAIL
polkadot,treasury_proposals,1358,,,,,,,,,,,,NO_DETAIL
polkadot,treasury_proposals,1357,,,,,,,,,,,,NO_DETAIL
polkadot,treasury_proposals,1356,,,,,,,,,,,,NO_DETAIL
polkadot,treasury_proposals,1355,,,,,,,,,,,,NO_DETAIL
polkadot,treasury_proposals,1354,,,,,,,,,,,,NO_DETAIL
polkadot,treasury_proposals,1353,,,,,,,,,,,,NO_DETAIL
polkadot,treasury_proposals,1352,,,,,,,,,,,,NO_DETAIL
polkadot,treasury_proposals,1351,,,,,,,,,,,,NO_DETAIL
polkadot,treasury_proposals,1350,,,,,,,,,,,,NO_DETAIL
polkadot,treasury_proposals,1349,,,,,,,,,,,,NO_DETAIL
polkadot,treasury_proposals,1348,,,,,,,,,,,,NO_DETAIL
polkadot,treasury_proposals,1347,,,,,,,,,,,,NO_DETAIL
polkadot,treasury_proposals,1346,,,,,,,,,,,,NO_DETAIL
polkadot,treasury_proposals,1345,,,,,,,,,,,,NO_DETAIL
polkadot,treasury_proposals,1344,,,,,,,,,,,,NO_DETAIL
polkadot,treasury_proposals,1343,,,,,,,,,,,,NO_DETAIL
polkadot,treasury_proposals,1342,,,,,,,,,,,,NO_DETAIL
polkadot,treasury_proposals,1341,,,,,,,,,,,,NO_DETAIL
polkadot,treasury_proposals,1340,,,,,,,,,,,,NO_DETAIL
polkadot,treasury_proposals,1339,,,,,,,,,,,,NO_DETAIL
polkadot,treasury_proposals,1338,,,,,,,,,,,,NO_DETAIL
polkadot,treasury_proposals,1337,,,,,,,,,,,,NO_DETAIL
polkadot,treasury_proposals,1336,,,,,,,,,,,,NO_DETAIL
polkadot,treasury_proposals,1335,,,,,,,,,,,,NO_DETAIL
polkadot,treasury_proposals,1334,,,,,,,,,,,,NO_DETAIL
polkadot,treasury_proposals,1333,,,,,,,,,,,,NO_DETAIL
polkadot,treasury_proposals,1332,,,,,,,,,,,,NO_DETAIL
polkadot,treasury_proposals,1331,,,,,,,,,,,,NO_DETAIL
polkadot,treasury_proposals,1330,,,,,,,,,,,,NO_DETAIL
polkadot,treasury_proposals,1329,,,,,,,,,,,,NO_DETAIL
polkadot,treasury_proposals,1328,,,,,,,,,,,,NO_DETAIL
polkadot,treasury_proposals,1327,,,,,,,,,,,,NO_DETAIL
polkadot,treasury_proposals,1326,,,,,,,,,,,,NO_DETAIL
polkadot,treasury_proposals,1325,,,,,,,,,,,,NO_DETAIL
polkadot,treasury_proposals,1324,,,,,,,,,,,,NO_DETAIL
polkadot,treasury_proposals,1323,,,,,,,,,,,,NO_DETAIL
polkadot,treasury_proposals,1322,,,,,,,,,,,,NO_DETAIL
polkadot,treasury_proposals,1321,,,,,,,,,,,,NO_DETAIL
polkadot,treasury_proposals,1320,,,,,,,,,,,,NO_DETAIL
polkadot,treasury_proposals,1319,,,,,,,,,,,,NO_DETAIL
polkadot,treasury_proposals,1318,,,,,,,,,,,,NO_DETAIL
polkadot,treasury_proposals,1317,,,,,,,,,,,,NO_DETAIL
polkadot,treasury_proposals,1316,,,,,,,,,,,,NO_DETAIL
polkadot,treasury_proposals,1315,,,,,,,,,,,,NO_DETAIL
polkadot,treasury_proposals,1314,,,,,,,,,,,,NO_DETAIL
polkadot,treasury_proposals,1313,,,,,,,,,,,,NO_DETAIL
polkadot,treasury_proposals,1312,,,,,,,,,,,,NO_DETAIL
polkadot,treasury_proposals,1311,,,,,,,,,,,,NO_DETAIL
polkadot,treasury_proposals,1310,,,,,,,,,,,,NO_DETAIL
polkadot,treasury_proposals,1309,,,,,,,,,,,,NO_DETAIL
polkadot,treasury_proposals,1308,,,,,,,,,,,,NO_DETAIL
polkadot,treasury_proposals,1307,,,,,,,,,,,,NO_DETAIL
polkadot,treasury_proposals,1306,,,,,,,,,,,,NO_DETAIL
polkadot,treasury_proposals,1305,,,,,,,,,,,,NO_DETAIL
polkadot,treasury_proposals,1304,,,,,,,,,,,,NO_DETAIL
